<resources xmlns:tools="http://schemas.android.com/tools">
    <!-- Base application theme. -->
    <style name="Base.Theme.ExpenseX" parent="Theme.Material3.DayNight.NoActionBar">
        <!-- Customize your light theme here. -->
        <!-- <item name="colorPrimary">@color/my_light_primary</item> -->
    </style>

    <style name="Theme.ExpenseX" parent="Base.Theme.ExpenseX" />
    <style name="Rounded" parent="">
        <item name="cornerFamily">rounded</item>
        <item name="cornerSize">50%</item>
    </style>
</resources>